tf	tf_gid	tf_w22.gid	Genotype	Tissue	n	target_gid	target_w22.gid	deg
baf60.21	Zm00001d015127	Zm00004b012791	baf60.21-m1	tassel_stem	9	"Zm00001d051520,Zm00001d006236,Zm00001d052933,Zm00001d012675,Zm00001d037384,Zm00001d045706,Zm00001d049541,Zm00001d018184,Zm00001d051163"	"Zm00004b022377,Zm00004b009415,Zm00004b023587,Zm00004b028188,NA,Zm00004b032250,Zm00004b020837,NA,Zm00004b022099"	"not_de,not_de,not_de,not_de,untested,not_de,not_de,untested,not_de"
baf60.21	Zm00001d015127	Zm00004b012791	baf60.21-m2	tassel_stem	9	"Zm00001d051520,Zm00001d006236,Zm00001d052933,Zm00001d012675,Zm00001d037384,Zm00001d045706,Zm00001d049541,Zm00001d018184,Zm00001d051163"	"Zm00004b022377,Zm00004b009415,Zm00004b023587,Zm00004b028188,NA,Zm00004b032250,Zm00004b020837,NA,Zm00004b022099"	"not_de,not_de,not_de,not_de,untested,not_de,not_de,untested,de_up"
bzip76	Zm00001d036736	Zm00004b029476	bzip76-m2	leaf	7	"Zm00001d026204,Zm00001d052621,Zm00001d042216,Zm00001d033055,Zm00001d052673,Zm00001d002346,Zm00001d032467"	"NA,Zm00004b023347,Zm00004b017896,Zm00004b004374,Zm00004b023378,Zm00004b006336,Zm00004b003894"	"untested,not_de,not_de,not_de,not_de,not_de,not_de"
bzip76	Zm00001d036736	Zm00004b029476	bzip76-m3	leaf	7	"Zm00001d026204,Zm00001d052621,Zm00001d042216,Zm00001d033055,Zm00001d052673,Zm00001d002346,Zm00001d032467"	"NA,Zm00004b023347,Zm00004b017896,Zm00004b004374,Zm00004b023378,Zm00004b006336,Zm00004b003894"	"untested,not_de,not_de,not_de,not_de,not_de,not_de"
c3h42	Zm00001d008356	Zm00004b024707	c3h42-m1	tassel_stem	23	"Zm00001d051520,Zm00001d006236,Zm00001d010713,Zm00001d052933,Zm00001d008356,Zm00001d012675,Zm00001d037384,Zm00001d027519,Zm00001d045706,Zm00001d044340,Zm00001d052673,Zm00001d049541,Zm00001d032467,Zm00001d018184,Zm00001d012274,Zm00001d017186,Zm00001d017275,Zm00001d015618,Zm00001d020401,Zm00001d045206,Zm00001d034635,Zm00001d042216,Zm00001d017274"	"Zm00004b022377,Zm00004b009415,Zm00004b026553,Zm00004b023587,Zm00004b024707,Zm00004b028188,NA,Zm00004b000251,Zm00004b032250,Zm00004b019744,Zm00004b023378,Zm00004b020837,Zm00004b003894,NA,Zm00004b027850,Zm00004b014349,Zm00004b014427,Zm00004b013136,NA,NA,Zm00004b005589,Zm00004b017896,Zm00004b014426"	"de_up,not_de,not_de,not_de,not_de,not_de,untested,not_de,not_de,not_de,de_up,de_up,de_up,untested,not_de,not_de,not_de,de_up,untested,untested,not_de,not_de,de_up"
e2f19	Zm00001d027709	Zm00004b000391	e2f19-m1	leaf	4	"Zm00001d045055,Zm00001d032152,Zm00001d049541,Zm00001d020530"	"Zm00004b031704,Zm00004b003629,Zm00004b020837,Zm00004b036018"	"untested,not_de,not_de,de_down"
e2f19	Zm00001d027709	Zm00004b000391	e2f19-m2	leaf	4	"Zm00001d045055,Zm00001d032152,Zm00001d049541,Zm00001d020530"	"Zm00004b031704,Zm00004b003629,Zm00004b020837,Zm00004b036018"	"untested,not_de,not_de,not_de"
gras52	Zm00001d002573	Zm00004b006535	gras52-m1	embryo_imbibed	1	Zm00001d010713	Zm00004b026553	not_de
hsf13	Zm00001d027757	Zm00004b000433	hsf13-m1	leaf	5	"Zm00001d049991,Zm00001d009823,Zm00001d010713,Zm00001d012675,Zm00001d020958"	"Zm00004b021238,Zm00004b025838,Zm00004b026553,Zm00004b028188,Zm00004b036368"	"not_de,untested,not_de,not_de,not_de"
hsf20	Zm00001d026094	Zm00004b040094	hsf20-m1	embryo_imbibed	2	"Zm00001d049541,Zm00001d017186"	"Zm00004b020837,Zm00004b014349"	"de_down,de_down"
hsf24	Zm00001d032923	Zm00004b004268	hsf24-m3	tassel	6	"Zm00001d051891,Zm00001d045055,Zm00001d032969,Zm00001d017077,Zm00001d051896,Zm00001d051163"	"Zm00004b022722,Zm00004b031704,Zm00004b004300,Zm00004b014260,Zm00004b022727,Zm00004b022099"	"untested,de_down,not_de,not_de,not_de,not_de"
hsf24	Zm00001d032923	Zm00004b004268	hsf24-m4	tassel	6	"Zm00001d051891,Zm00001d045055,Zm00001d032969,Zm00001d017077,Zm00001d051896,Zm00001d051163"	"Zm00004b022722,Zm00004b031704,Zm00004b004300,Zm00004b014260,Zm00004b022727,Zm00004b022099"	"untested,de_down,not_de,not_de,not_de,not_de"
hsf6	Zm00001d016674	Zm00004b013941	hsf6-m1	embryo_imbibed	2	"Zm00001d051891,Zm00001d018181"	"Zm00004b022722,NA"	"not_de,untested"
hsf6	Zm00001d016674	Zm00004b013941	hsf6-m2	embryo_imbibed	2	"Zm00001d051891,Zm00001d018181"	"Zm00004b022722,NA"	"not_de,untested"
jmj13	Zm00001d052933	Zm00004b023587	jmj13-m4	tassel_stem	16	"Zm00001d006236,Zm00001d010713,Zm00001d027519,Zm00001d044340,Zm00001d052673,Zm00001d049541,Zm00001d018184,Zm00001d017186,Zm00001d017275,Zm00001d020401,Zm00001d052842,Zm00001d045206,Zm00001d020958,Zm00001d034635,Zm00001d012675,Zm00001d042216"	"Zm00004b009415,Zm00004b026553,Zm00004b000251,Zm00004b019744,Zm00004b023378,Zm00004b020837,NA,Zm00004b014349,Zm00004b014427,NA,NA,NA,Zm00004b036368,Zm00004b005589,Zm00004b028188,Zm00004b017896"	"not_de,not_de,not_de,not_de,not_de,not_de,untested,not_de,not_de,untested,untested,untested,not_de,not_de,not_de,not_de"
myb40	Zm00001d040621	Zm00004b016719	myb40-m1	coleoptile_tip	16	"Zm00001d051520,Zm00001d006236,Zm00001d010906,Zm00001d026204,Zm00001d051891,Zm00001d012675,Zm00001d020958,Zm00001d027519,Zm00001d044122,Zm00001d045706,Zm00001d045055,Zm00001d009858,Zm00001d032152,Zm00001d049541,Zm00001d032467,Zm00001d017186"	"Zm00004b022377,Zm00004b009415,NA,NA,Zm00004b022722,Zm00004b028188,Zm00004b036368,Zm00004b000251,Zm00004b019556,Zm00004b032250,Zm00004b031704,Zm00004b025862,Zm00004b003629,Zm00004b020837,Zm00004b003894,Zm00004b014349"	"untested,not_de,untested,untested,untested,not_de,not_de,not_de,de_up,not_de,not_de,not_de,not_de,not_de,untested,not_de"
myb40	Zm00001d040621	Zm00004b016719	myb40-m2	coleoptile_tip	16	"Zm00001d051520,Zm00001d006236,Zm00001d010906,Zm00001d026204,Zm00001d051891,Zm00001d012675,Zm00001d020958,Zm00001d027519,Zm00001d044122,Zm00001d045706,Zm00001d045055,Zm00001d009858,Zm00001d032152,Zm00001d049541,Zm00001d032467,Zm00001d017186"	"Zm00004b022377,Zm00004b009415,NA,NA,Zm00004b022722,Zm00004b028188,Zm00004b036368,Zm00004b000251,Zm00004b019556,Zm00004b032250,Zm00004b031704,Zm00004b025862,Zm00004b003629,Zm00004b020837,Zm00004b003894,Zm00004b014349"	"untested,not_de,untested,untested,untested,not_de,not_de,not_de,not_de,not_de,not_de,not_de,not_de,not_de,untested,not_de"
orphan249	Zm00001d038846	Zm00004b031116	orphan249-m2	embryo_imbibed	16	"Zm00001d006236,Zm00001d026204,Zm00001d051891,Zm00001d052621,Zm00001d008356,Zm00001d012675,Zm00001d020401,Zm00001d013245,Zm00001d020958,Zm00001d037384,Zm00001d044122,Zm00001d044340,Zm00001d052673,Zm00001d002346,Zm00001d049541,Zm00001d018181"	"Zm00004b009415,NA,Zm00004b022722,Zm00004b023347,Zm00004b024707,Zm00004b028188,NA,Zm00004b011229,Zm00004b036368,NA,Zm00004b019556,Zm00004b019744,Zm00004b023378,Zm00004b006336,Zm00004b020837,NA"	"not_de,untested,not_de,not_de,not_de,not_de,untested,not_de,untested,untested,untested,untested,not_de,not_de,not_de,untested"
wrky2	Zm00001d016052	Zm00004b013450	wrky2-m2	coleoptile_tip	1	Zm00001d012675	Zm00004b028188	not_de
wrky82	Zm00001d038843	Zm00004b031112	wrky82-m1	embryo_imbibed	3	"Zm00001d052933,Zm00001d037384,Zm00001d003129"	"Zm00004b023587,NA,Zm00004b007018"	"not_de,untested,not_de"